location,date,inc
01,2022-09-03,21
01,2022-09-10,11
01,2022-09-17,17
01,2022-09-24,20
01,2022-10-01,24
01,2022-10-08,41
01,2022-10-15,86
01,2022-10-22,141
01,2022-10-29,262
01,2022-11-05,360
01,2022-11-12,303
01,2022-11-19,226
01,2022-11-26,261
01,2022-12-03,351
01,2022-12-10,223
01,2022-12-17,143
01,2022-12-24,155
01,2022-12-31,140
01,2023-01-07,125
01,2023-01-14,94
01,2023-01-21,57
01,2023-01-28,42
01,2023-02-04,28
01,2023-02-11,33
01,2023-02-18,31
01,2023-02-25,26
01,2023-03-04,18
01,2023-03-11,16
01,2023-03-18,24
01,2023-03-25,20
01,2023-04-01,26
01,2023-04-08,15
01,2023-04-15,19
01,2023-04-22,19
01,2023-04-29,12
01,2023-05-06,6
01,2023-05-13,15
01,2023-05-20,9
01,2023-05-27,13
01,2023-06-03,25
01,2023-06-10,11
01,2023-06-17,7
01,2023-06-24,11
01,2023-07-01,11
01,2023-07-08,5
01,2023-07-15,11
01,2023-07-22,17
01,2023-07-29,32
01,2023-08-05,12
01,2023-08-12,8
01,2023-08-19,10
01,2023-08-26,12
01,2023-09-02,12
01,2023-09-09,7
02,2022-09-03,0
02,2022-09-10,5
02,2022-09-17,0
02,2022-09-24,0
02,2022-10-01,2
02,2022-10-08,3
02,2022-10-15,2
02,2022-10-22,3
02,2022-10-29,14
02,2022-11-05,10
02,2022-11-12,20
02,2022-11-19,38
02,2022-11-26,66
02,2022-12-03,58
02,2022-12-10,77
02,2022-12-17,45
02,2022-12-24,40
02,2022-12-31,44
02,2023-01-07,29
02,2023-01-14,6
02,2023-01-21,9
02,2023-01-28,3
02,2023-02-04,3
02,2023-02-11,1
02,2023-02-18,3
02,2023-02-25,4
02,2023-03-04,3
02,2023-03-11,3
02,2023-03-18,1
02,2023-03-25,4
02,2023-04-01,0
02,2023-04-08,2
02,2023-04-15,2
02,2023-04-22,1
02,2023-04-29,0
02,2023-05-06,6
02,2023-05-13,0
02,2023-05-20,0
02,2023-05-27,2
02,2023-06-03,1
02,2023-06-10,3
02,2023-06-17,5
02,2023-06-24,0
02,2023-07-01,4
02,2023-07-08,2
02,2023-07-15,2
02,2023-07-22,1
02,2023-07-29,0
02,2023-08-05,2
02,2023-08-12,1
02,2023-08-19,2
02,2023-08-26,0
02,2023-09-02,2
02,2023-09-09,1
04,2022-09-03,16
04,2022-09-10,5
04,2022-09-17,7
04,2022-09-24,9
04,2022-10-01,10
04,2022-10-08,18
04,2022-10-15,14
04,2022-10-22,22
04,2022-10-29,34
04,2022-11-05,84
04,2022-11-12,153
04,2022-11-19,339
04,2022-11-26,612
04,2022-12-03,821
04,2022-12-10,759
04,2022-12-17,563
04,2022-12-24,604
04,2022-12-31,656
04,2023-01-07,350
04,2023-01-14,140
04,2023-01-21,112
04,2023-01-28,50
04,2023-02-04,71
04,2023-02-11,52
04,2023-02-18,38
04,2023-02-25,53
04,2023-03-04,44
04,2023-03-11,45
04,2023-03-18,51
04,2023-03-25,38
04,2023-04-01,30
04,2023-04-08,39
04,2023-04-15,42
04,2023-04-22,45
04,2023-04-29,42
04,2023-05-06,37
04,2023-05-13,50
04,2023-05-20,61
04,2023-05-27,63
04,2023-06-03,66
04,2023-06-10,61
04,2023-06-17,47
04,2023-06-24,47
04,2023-07-01,32
04,2023-07-08,31
04,2023-07-15,26
04,2023-07-22,12
04,2023-07-29,17
04,2023-08-05,13
04,2023-08-12,6
04,2023-08-19,10
04,2023-08-26,13
04,2023-09-02,14
04,2023-09-09,10
05,2022-09-03,8
05,2022-09-10,6
05,2022-09-17,4
05,2022-09-24,8
05,2022-10-01,10
05,2022-10-08,21
05,2022-10-15,40
05,2022-10-22,50
05,2022-10-29,84
05,2022-11-05,141
05,2022-11-12,212
05,2022-11-19,218
05,2022-11-26,435
05,2022-12-03,468
05,2022-12-10,331
05,2022-12-17,234
05,2022-12-24,189
05,2022-12-31,217
05,2023-01-07,146
05,2023-01-14,98
05,2023-01-21,61
05,2023-01-28,30
05,2023-02-04,21
05,2023-02-11,35
05,2023-02-18,25
05,2023-02-25,32
05,2023-03-04,33
05,2023-03-11,18
05,2023-03-18,14
05,2023-03-25,22
05,2023-04-01,24
05,2023-04-08,17
05,2023-04-15,16
05,2023-04-22,8
05,2023-04-29,11
05,2023-05-06,9
05,2023-05-13,14
05,2023-05-20,8
05,2023-05-27,14
05,2023-06-03,4
05,2023-06-10,2
05,2023-06-17,4
05,2023-06-24,15
05,2023-07-01,6
05,2023-07-08,4
05,2023-07-15,9
05,2023-07-22,4
05,2023-07-29,5
05,2023-08-05,11
05,2023-08-12,10
05,2023-08-19,7
05,2023-08-26,7
05,2023-09-02,8
05,2023-09-09,6
06,2022-09-03,35
06,2022-09-10,29
06,2022-09-17,24
06,2022-09-24,35
06,2022-10-01,72
06,2022-10-08,93
06,2022-10-15,97
06,2022-10-22,124
06,2022-10-29,211
06,2022-11-05,456
06,2022-11-12,928
06,2022-11-19,1616
06,2022-11-26,2790
06,2022-12-03,3138
06,2022-12-10,2275
06,2022-12-17,1576
06,2022-12-24,1580
06,2022-12-31,1384
06,2023-01-07,855
06,2023-01-14,354
06,2023-01-21,198
06,2023-01-28,116
06,2023-02-04,116
06,2023-02-11,91
06,2023-02-18,70
06,2023-02-25,82
06,2023-03-04,59
06,2023-03-11,49
06,2023-03-18,58
06,2023-03-25,32
06,2023-04-01,34
06,2023-04-08,39
06,2023-04-15,37
06,2023-04-22,33
06,2023-04-29,25
06,2023-05-06,21
06,2023-05-13,37
06,2023-05-20,23
06,2023-05-27,32
06,2023-06-03,47
06,2023-06-10,43
06,2023-06-17,35
06,2023-06-24,24
06,2023-07-01,53
06,2023-07-08,25
06,2023-07-15,53
06,2023-07-22,31
06,2023-07-29,34
06,2023-08-05,48
06,2023-08-12,33
06,2023-08-19,27
06,2023-08-26,30
06,2023-09-02,40
06,2023-09-09,44
08,2022-09-03,1
08,2022-09-10,3
08,2022-09-17,3
08,2022-09-24,4
08,2022-10-01,3
08,2022-10-08,1
08,2022-10-15,5
08,2022-10-22,15
08,2022-10-29,32
08,2022-11-05,32
08,2022-11-12,61
08,2022-11-19,114
08,2022-11-26,157
08,2022-12-03,160
08,2022-12-10,243
08,2022-12-17,255
08,2022-12-24,350
08,2022-12-31,311
08,2023-01-07,146
08,2023-01-14,85
08,2023-01-21,33
08,2023-01-28,30
08,2023-02-04,38
08,2023-02-11,24
08,2023-02-18,16
08,2023-02-25,14
08,2023-03-04,17
08,2023-03-11,11
08,2023-03-18,10
08,2023-03-25,11
08,2023-04-01,6
08,2023-04-08,7
08,2023-04-15,19
08,2023-04-22,10
08,2023-04-29,12
08,2023-05-06,4
08,2023-05-13,8
08,2023-05-20,12
08,2023-05-27,6
08,2023-06-03,5
08,2023-06-10,4
08,2023-06-17,5
08,2023-06-24,3
08,2023-07-01,7
08,2023-07-08,4
08,2023-07-15,8
08,2023-07-22,4
08,2023-07-29,2
08,2023-08-05,3
08,2023-08-12,1
08,2023-08-19,1
08,2023-08-26,4
08,2023-09-02,2
08,2023-09-09,7
09,2022-09-03,4
09,2022-09-10,3
09,2022-09-17,4
09,2022-09-24,3
09,2022-10-01,2
09,2022-10-08,3
09,2022-10-15,9
09,2022-10-22,9
09,2022-10-29,37
09,2022-11-05,41
09,2022-11-12,58
09,2022-11-19,104
09,2022-11-26,199
09,2022-12-03,424
09,2022-12-10,419
09,2022-12-17,352
09,2022-12-24,275
09,2022-12-31,248
09,2023-01-07,160
09,2023-01-14,72
09,2023-01-21,31
09,2023-01-28,32
09,2023-02-04,14
09,2023-02-11,14
09,2023-02-18,16
09,2023-02-25,16
09,2023-03-04,9
09,2023-03-11,21
09,2023-03-18,9
09,2023-03-25,12
09,2023-04-01,14
09,2023-04-08,21
09,2023-04-15,11
09,2023-04-22,7
09,2023-04-29,9
09,2023-05-06,7
09,2023-05-13,6
09,2023-05-20,12
09,2023-05-27,9
09,2023-06-03,5
09,2023-06-10,5
09,2023-06-17,6
09,2023-06-24,6
09,2023-07-01,6
09,2023-07-08,1
09,2023-07-15,3
09,2023-07-22,3
09,2023-07-29,6
09,2023-08-05,4
09,2023-08-12,7
09,2023-08-19,4
09,2023-08-26,11
09,2023-09-02,3
09,2023-09-09,1
10,2022-09-03,3
10,2022-09-10,0
10,2022-09-17,2
10,2022-09-24,0
10,2022-10-01,0
10,2022-10-08,0
10,2022-10-15,0
10,2022-10-22,1
10,2022-10-29,4
10,2022-11-05,11
10,2022-11-12,15
10,2022-11-19,53
10,2022-11-26,48
10,2022-12-03,79
10,2022-12-10,28
10,2022-12-17,27
10,2022-12-24,29
10,2022-12-31,46
10,2023-01-07,41
10,2023-01-14,11
10,2023-01-21,5
10,2023-01-28,5
10,2023-02-04,15
10,2023-02-11,1
10,2023-02-18,1
10,2023-02-25,0
10,2023-03-04,5
10,2023-03-11,1
10,2023-03-18,0
10,2023-03-25,2
10,2023-04-01,2
10,2023-04-08,0
10,2023-04-15,0
10,2023-04-22,0
10,2023-04-29,1
10,2023-05-06,0
10,2023-05-13,1
10,2023-05-20,0
10,2023-05-27,0
10,2023-06-03,3
10,2023-06-10,0
10,2023-06-17,0
10,2023-06-24,0
10,2023-07-01,0
10,2023-07-08,0
10,2023-07-15,2
10,2023-07-22,0
10,2023-07-29,0
10,2023-08-05,0
10,2023-08-12,1
10,2023-08-19,0
10,2023-08-26,0
10,2023-09-02,0
10,2023-09-09,0
11,2022-09-03,0
11,2022-09-10,0
11,2022-09-17,0
11,2022-09-24,1
11,2022-10-01,0
11,2022-10-08,1
11,2022-10-15,2
11,2022-10-22,8
11,2022-10-29,11
11,2022-11-05,36
11,2022-11-12,44
11,2022-11-19,35
11,2022-11-26,70
11,2022-12-03,56
11,2022-12-10,42
11,2022-12-17,20
11,2022-12-24,26
11,2022-12-31,27
11,2023-01-07,15
11,2023-01-14,5
11,2023-01-21,10
11,2023-01-28,6
11,2023-02-04,8
11,2023-02-11,6
11,2023-02-18,4
11,2023-02-25,4
11,2023-03-04,5
11,2023-03-11,1
11,2023-03-18,3
11,2023-03-25,2
11,2023-04-01,11
11,2023-04-08,3
11,2023-04-15,3
11,2023-04-22,3
11,2023-04-29,1
11,2023-05-06,1
11,2023-05-13,1
11,2023-05-20,2
11,2023-05-27,6
11,2023-06-03,3
11,2023-06-10,1
11,2023-06-17,1
11,2023-06-24,3
11,2023-07-01,0
11,2023-07-08,2
11,2023-07-15,2
11,2023-07-22,1
11,2023-07-29,1
11,2023-08-05,0
11,2023-08-12,1
11,2023-08-19,1
11,2023-08-26,2
11,2023-09-02,0
11,2023-09-09,1
12,2022-09-03,70
12,2022-09-10,60
12,2022-09-17,78
12,2022-09-24,81
12,2022-10-01,77
12,2022-10-08,110
12,2022-10-15,105
12,2022-10-22,125
12,2022-10-29,260
12,2022-11-05,304
12,2022-11-12,490
12,2022-11-19,504
12,2022-11-26,803
12,2022-12-03,896
12,2022-12-10,789
12,2022-12-17,891
12,2022-12-24,982
12,2022-12-31,1297
12,2023-01-07,1213
12,2023-01-14,714
12,2023-01-21,577
12,2023-01-28,410
12,2023-02-04,343
12,2023-02-11,300
12,2023-02-18,226
12,2023-02-25,201
12,2023-03-04,184
12,2023-03-11,188
12,2023-03-18,201
12,2023-03-25,162
12,2023-04-01,162
12,2023-04-08,182
12,2023-04-15,135
12,2023-04-22,141
12,2023-04-29,141
12,2023-05-06,127
12,2023-05-13,135
12,2023-05-20,136
12,2023-05-27,144
12,2023-06-03,161
12,2023-06-10,153
12,2023-06-17,156
12,2023-06-24,169
12,2023-07-01,149
12,2023-07-08,148
12,2023-07-15,132
12,2023-07-22,113
12,2023-07-29,129
12,2023-08-05,131
12,2023-08-12,148
12,2023-08-19,163
12,2023-08-26,153
12,2023-09-02,166
12,2023-09-09,151
13,2022-09-03,22
13,2022-09-10,38
13,2022-09-17,36
13,2022-09-24,39
13,2022-10-01,54
13,2022-10-08,87
13,2022-10-15,113
13,2022-10-22,119
13,2022-10-29,176
13,2022-11-05,217
13,2022-11-12,250
13,2022-11-19,193
13,2022-11-26,251
13,2022-12-03,252
13,2022-12-10,172
13,2022-12-17,138
13,2022-12-24,162
13,2022-12-31,195
13,2023-01-07,168
13,2023-01-14,106
13,2023-01-21,71
13,2023-01-28,70
13,2023-02-04,88
13,2023-02-11,82
13,2023-02-18,69
13,2023-02-25,70
13,2023-03-04,44
13,2023-03-11,55
13,2023-03-18,51
13,2023-03-25,68
13,2023-04-01,49
13,2023-04-08,47
13,2023-04-15,28
13,2023-04-22,48
13,2023-04-29,40
13,2023-05-06,34
13,2023-05-13,52
13,2023-05-20,29
13,2023-05-27,34
13,2023-06-03,54
13,2023-06-10,49
13,2023-06-17,39
13,2023-06-24,41
13,2023-07-01,33
13,2023-07-08,27
13,2023-07-15,14
13,2023-07-22,16
13,2023-07-29,17
13,2023-08-05,22
13,2023-08-12,24
13,2023-08-19,22
13,2023-08-26,27
13,2023-09-02,28
13,2023-09-09,30
15,2022-09-03,2
15,2022-09-10,1
15,2022-09-17,2
15,2022-09-24,3
15,2022-10-01,5
15,2022-10-08,4
15,2022-10-15,6
15,2022-10-22,4
15,2022-10-29,6
15,2022-11-05,8
15,2022-11-12,25
15,2022-11-19,10
15,2022-11-26,12
15,2022-12-03,12
15,2022-12-10,11
15,2022-12-17,17
15,2022-12-24,31
15,2022-12-31,28
15,2023-01-07,10
15,2023-01-14,9
15,2023-01-21,0
15,2023-01-28,11
15,2023-02-04,6
15,2023-02-11,10
15,2023-02-18,4
15,2023-02-25,5
15,2023-03-04,1
15,2023-03-11,4
15,2023-03-18,3
15,2023-03-25,2
15,2023-04-01,6
15,2023-04-08,3
15,2023-04-15,1
15,2023-04-22,2
15,2023-04-29,1
15,2023-05-06,0
15,2023-05-13,1
15,2023-05-20,3
15,2023-05-27,0
15,2023-06-03,7
15,2023-06-10,3
15,2023-06-17,9
15,2023-06-24,9
15,2023-07-01,10
15,2023-07-08,8
15,2023-07-15,5
15,2023-07-22,4
15,2023-07-29,5
15,2023-08-05,5
15,2023-08-12,6
15,2023-08-19,4
15,2023-08-26,6
15,2023-09-02,7
15,2023-09-09,5
16,2022-09-03,3
16,2022-09-10,0
16,2022-09-17,1
16,2022-09-24,3
16,2022-10-01,2
16,2022-10-08,1
16,2022-10-15,1
16,2022-10-22,1
16,2022-10-29,1
16,2022-11-05,20
16,2022-11-12,14
16,2022-11-19,60
16,2022-11-26,155
16,2022-12-03,189
16,2022-12-10,195
16,2022-12-17,285
16,2022-12-24,195
16,2022-12-31,219
16,2023-01-07,101
16,2023-01-14,42
16,2023-01-21,30
16,2023-01-28,17
16,2023-02-04,4
16,2023-02-11,4
16,2023-02-18,8
16,2023-02-25,3
16,2023-03-04,3
16,2023-03-11,4
16,2023-03-18,5
16,2023-03-25,5
16,2023-04-01,2
16,2023-04-08,5
16,2023-04-15,1
16,2023-04-22,5
16,2023-04-29,5
16,2023-05-06,6
16,2023-05-13,8
16,2023-05-20,2
16,2023-05-27,1
16,2023-06-03,2
16,2023-06-10,2
16,2023-06-17,5
16,2023-06-24,2
16,2023-07-01,7
16,2023-07-08,3
16,2023-07-15,2
16,2023-07-22,1
16,2023-07-29,3
16,2023-08-05,3
16,2023-08-12,2
16,2023-08-19,3
16,2023-08-26,0
16,2023-09-02,0
16,2023-09-09,2
17,2022-09-03,10
17,2022-09-10,3
17,2022-09-17,5
17,2022-09-24,16
17,2022-10-01,11
17,2022-10-08,11
17,2022-10-15,31
17,2022-10-22,45
17,2022-10-29,104
17,2022-11-05,181
17,2022-11-12,276
17,2022-11-19,447
17,2022-11-26,915
17,2022-12-03,1125
17,2022-12-10,973
17,2022-12-17,744
17,2022-12-24,563
17,2022-12-31,571
17,2023-01-07,393
17,2023-01-14,166
17,2023-01-21,63
17,2023-01-28,64
17,2023-02-04,26
17,2023-02-11,33
17,2023-02-18,25
17,2023-02-25,36
17,2023-03-04,23
17,2023-03-11,14
17,2023-03-18,15
17,2023-03-25,28
17,2023-04-01,30
17,2023-04-08,22
17,2023-04-15,34
17,2023-04-22,29
17,2023-04-29,16
17,2023-05-06,26
17,2023-05-13,27
17,2023-05-20,29
17,2023-05-27,23
17,2023-06-03,24
17,2023-06-10,21
17,2023-06-17,24
17,2023-06-24,9
17,2023-07-01,11
17,2023-07-08,7
17,2023-07-15,9
17,2023-07-22,15
17,2023-07-29,7
17,2023-08-05,12
17,2023-08-12,13
17,2023-08-19,10
17,2023-08-26,11
17,2023-09-02,10
17,2023-09-09,14
18,2022-09-03,22
18,2022-09-10,27
18,2022-09-17,26
18,2022-09-24,34
18,2022-10-01,33
18,2022-10-08,51
18,2022-10-15,57
18,2022-10-22,72
18,2022-10-29,102
18,2022-11-05,149
18,2022-11-12,141
18,2022-11-19,264
18,2022-11-26,505
18,2022-12-03,826
18,2022-12-10,851
18,2022-12-17,685
18,2022-12-24,592
18,2022-12-31,571
18,2023-01-07,339
18,2023-01-14,149
18,2023-01-21,96
18,2023-01-28,65
18,2023-02-04,43
18,2023-02-11,37
18,2023-02-18,34
18,2023-02-25,47
18,2023-03-04,43
18,2023-03-11,31
18,2023-03-18,33
18,2023-03-25,22
18,2023-04-01,40
18,2023-04-08,15
18,2023-04-15,17
18,2023-04-22,13
18,2023-04-29,15
18,2023-05-06,20
18,2023-05-13,21
18,2023-05-20,19
18,2023-05-27,16
18,2023-06-03,13
18,2023-06-10,12
18,2023-06-17,13
18,2023-06-24,6
18,2023-07-01,8
18,2023-07-08,3
18,2023-07-15,1
18,2023-07-22,4
18,2023-07-29,4
18,2023-08-05,10
18,2023-08-12,6
18,2023-08-19,6
18,2023-08-26,9
18,2023-09-02,5
18,2023-09-09,6
19,2022-09-03,3
19,2022-09-10,0
19,2022-09-17,1
19,2022-09-24,7
19,2022-10-01,5
19,2022-10-08,5
19,2022-10-15,7
19,2022-10-22,10
19,2022-10-29,19
19,2022-11-05,16
19,2022-11-12,23
19,2022-11-19,37
19,2022-11-26,139
19,2022-12-03,201
19,2022-12-10,235
19,2022-12-17,352
19,2022-12-24,331
19,2022-12-31,301
19,2023-01-07,202
19,2023-01-14,87
19,2023-01-21,43
19,2023-01-28,44
19,2023-02-04,11
19,2023-02-11,15
19,2023-02-18,9
19,2023-02-25,9
19,2023-03-04,9
19,2023-03-11,8
19,2023-03-18,7
19,2023-03-25,7
19,2023-04-01,4
19,2023-04-08,2
19,2023-04-15,5
19,2023-04-22,1
19,2023-04-29,11
19,2023-05-06,6
19,2023-05-13,4
19,2023-05-20,6
19,2023-05-27,1
19,2023-06-03,0
19,2023-06-10,4
19,2023-06-17,2
19,2023-06-24,1
19,2023-07-01,2
19,2023-07-08,2
19,2023-07-15,0
19,2023-07-22,2
19,2023-07-29,0
19,2023-08-05,1
19,2023-08-12,0
19,2023-08-19,3
19,2023-08-26,2
19,2023-09-02,3
19,2023-09-09,1
20,2022-09-03,3
20,2022-09-10,0
20,2022-09-17,0
20,2022-09-24,1
20,2022-10-01,5
20,2022-10-08,5
20,2022-10-15,7
20,2022-10-22,16
20,2022-10-29,20
20,2022-11-05,37
20,2022-11-12,49
20,2022-11-19,68
20,2022-11-26,187
20,2022-12-03,303
20,2022-12-10,253
20,2022-12-17,220
20,2022-12-24,187
20,2022-12-31,176
20,2023-01-07,116
20,2023-01-14,47
20,2023-01-21,45
20,2023-01-28,18
20,2023-02-04,11
20,2023-02-11,10
20,2023-02-18,5
20,2023-02-25,9
20,2023-03-04,2
20,2023-03-11,6
20,2023-03-18,9
20,2023-03-25,7
20,2023-04-01,8
20,2023-04-08,4
20,2023-04-15,8
20,2023-04-22,3
20,2023-04-29,1
20,2023-05-06,3
20,2023-05-13,3
20,2023-05-20,6
20,2023-05-27,1
20,2023-06-03,4
20,2023-06-10,5
20,2023-06-17,2
20,2023-06-24,2
20,2023-07-01,2
20,2023-07-08,2
20,2023-07-15,3
20,2023-07-22,0
20,2023-07-29,2
20,2023-08-05,1
20,2023-08-12,2
20,2023-08-19,1
20,2023-08-26,3
20,2023-09-02,3
20,2023-09-09,8
21,2022-09-03,6
21,2022-09-10,19
21,2022-09-17,3
21,2022-09-24,11
21,2022-10-01,3
21,2022-10-08,10
21,2022-10-15,23
21,2022-10-22,15
21,2022-10-29,66
21,2022-11-05,139
21,2022-11-12,227
21,2022-11-19,313
21,2022-11-26,603
21,2022-12-03,807
21,2022-12-10,691
21,2022-12-17,419
21,2022-12-24,268
21,2022-12-31,231
21,2023-01-07,123
21,2023-01-14,62
21,2023-01-21,30
21,2023-01-28,29
21,2023-02-04,15
21,2023-02-11,33
21,2023-02-18,18
21,2023-02-25,13
21,2023-03-04,10
21,2023-03-11,17
21,2023-03-18,27
21,2023-03-25,15
21,2023-04-01,15
21,2023-04-08,19
21,2023-04-15,12
21,2023-04-22,12
21,2023-04-29,7
21,2023-05-06,14
21,2023-05-13,14
21,2023-05-20,10
21,2023-05-27,11
21,2023-06-03,5
21,2023-06-10,10
21,2023-06-17,9
21,2023-06-24,6
21,2023-07-01,4
21,2023-07-08,9
21,2023-07-15,5
21,2023-07-22,4
21,2023-07-29,10
21,2023-08-05,7
21,2023-08-12,6
21,2023-08-19,12
21,2023-08-26,7
21,2023-09-02,16
21,2023-09-09,13
22,2022-09-03,6
22,2022-09-10,19
22,2022-09-17,18
22,2022-09-24,23
22,2022-10-01,38
22,2022-10-08,43
22,2022-10-15,82
22,2022-10-22,97
22,2022-10-29,188
22,2022-11-05,170
22,2022-11-12,167
22,2022-11-19,177
22,2022-11-26,240
22,2022-12-03,294
22,2022-12-10,253
22,2022-12-17,146
22,2022-12-24,141
22,2022-12-31,189
22,2023-01-07,147
22,2023-01-14,89
22,2023-01-21,70
22,2023-01-28,42
22,2023-02-04,34
22,2023-02-11,55
22,2023-02-18,28
22,2023-02-25,23
22,2023-03-04,26
22,2023-03-11,18
22,2023-03-18,26
22,2023-03-25,21
22,2023-04-01,25
22,2023-04-08,21
22,2023-04-15,11
22,2023-04-22,27
22,2023-04-29,19
22,2023-05-06,10
22,2023-05-13,17
22,2023-05-20,19
22,2023-05-27,11
22,2023-06-03,14
22,2023-06-10,14
22,2023-06-17,9
22,2023-06-24,9
22,2023-07-01,14
22,2023-07-08,13
22,2023-07-15,7
22,2023-07-22,7
22,2023-07-29,10
22,2023-08-05,12
22,2023-08-12,6
22,2023-08-19,12
22,2023-08-26,11
22,2023-09-02,15
22,2023-09-09,11
23,2022-09-03,0
23,2022-09-10,0
23,2022-09-17,0
23,2022-09-24,0
23,2022-10-01,1
23,2022-10-08,0
23,2022-10-15,0
23,2022-10-22,0
23,2022-10-29,3
23,2022-11-05,3
23,2022-11-12,11
23,2022-11-19,14
23,2022-11-26,34
23,2022-12-03,110
23,2022-12-10,120
23,2022-12-17,196
23,2022-12-24,212
23,2022-12-31,186
23,2023-01-07,109
23,2023-01-14,53
23,2023-01-21,31
23,2023-01-28,11
23,2023-02-04,9
23,2023-02-11,7
23,2023-02-18,3
23,2023-02-25,0
23,2023-03-04,4
23,2023-03-11,0
23,2023-03-18,5
23,2023-03-25,1
23,2023-04-01,5
23,2023-04-08,2
23,2023-04-15,1
23,2023-04-22,4
23,2023-04-29,0
23,2023-05-06,2
23,2023-05-13,4
23,2023-05-20,5
23,2023-05-27,2
23,2023-06-03,3
23,2023-06-10,1
23,2023-06-17,1
23,2023-06-24,1
23,2023-07-01,1
23,2023-07-08,3
23,2023-07-15,0
23,2023-07-22,1
23,2023-07-29,3
23,2023-08-05,2
23,2023-08-12,0
23,2023-08-19,2
23,2023-08-26,0
23,2023-09-02,0
23,2023-09-09,0
24,2022-09-03,1
24,2022-09-10,3
24,2022-09-17,8
24,2022-09-24,3
24,2022-10-01,9
24,2022-10-08,21
24,2022-10-15,25
24,2022-10-22,49
24,2022-10-29,109
24,2022-11-05,165
24,2022-11-12,224
24,2022-11-19,218
24,2022-11-26,332
24,2022-12-03,405
24,2022-12-10,319
24,2022-12-17,278
24,2022-12-24,227
24,2022-12-31,221
24,2023-01-07,161
24,2023-01-14,102
24,2023-01-21,61
24,2023-01-28,37
24,2023-02-04,56
24,2023-02-11,36
24,2023-02-18,25
24,2023-02-25,26
24,2023-03-04,12
24,2023-03-11,16
24,2023-03-18,14
24,2023-03-25,19
24,2023-04-01,9
24,2023-04-08,16
24,2023-04-15,10
24,2023-04-22,11
24,2023-04-29,10
24,2023-05-06,14
24,2023-05-13,10
24,2023-05-20,5
24,2023-05-27,6
24,2023-06-03,8
24,2023-06-10,5
24,2023-06-17,2
24,2023-06-24,9
24,2023-07-01,0
24,2023-07-08,3
24,2023-07-15,5
24,2023-07-22,8
24,2023-07-29,12
24,2023-08-05,6
24,2023-08-12,5
24,2023-08-19,5
24,2023-08-26,4
24,2023-09-02,5
24,2023-09-09,4
25,2022-09-03,7
25,2022-09-10,4
25,2022-09-17,2
25,2022-09-24,4
25,2022-10-01,4
25,2022-10-08,8
25,2022-10-15,7
25,2022-10-22,8
25,2022-10-29,14
25,2022-11-05,31
25,2022-11-12,43
25,2022-11-19,79
25,2022-11-26,221
25,2022-12-03,446
25,2022-12-10,578
25,2022-12-17,694
25,2022-12-24,769
25,2022-12-31,733
25,2023-01-07,466
25,2023-01-14,238
25,2023-01-21,122
25,2023-01-28,71
25,2023-02-04,52
25,2023-02-11,63
25,2023-02-18,37
25,2023-02-25,17
25,2023-03-04,15
25,2023-03-11,19
25,2023-03-18,20
25,2023-03-25,19
25,2023-04-01,11
25,2023-04-08,12
25,2023-04-15,10
25,2023-04-22,8
25,2023-04-29,9
25,2023-05-06,12
25,2023-05-13,9
25,2023-05-20,11
25,2023-05-27,12
25,2023-06-03,7
25,2023-06-10,14
25,2023-06-17,9
25,2023-06-24,4
25,2023-07-01,8
25,2023-07-08,4
25,2023-07-15,7
25,2023-07-22,9
25,2023-07-29,3
25,2023-08-05,7
25,2023-08-12,10
25,2023-08-19,5
25,2023-08-26,12
25,2023-09-02,13
25,2023-09-09,10
26,2022-09-03,1
26,2022-09-10,10
26,2022-09-17,3
26,2022-09-24,5
26,2022-10-01,4
26,2022-10-08,13
26,2022-10-15,14
26,2022-10-22,17
26,2022-10-29,46
26,2022-11-05,59
26,2022-11-12,90
26,2022-11-19,193
26,2022-11-26,313
26,2022-12-03,485
26,2022-12-10,601
26,2022-12-17,1001
26,2022-12-24,1108
26,2022-12-31,1137
26,2023-01-07,641
26,2023-01-14,290
26,2023-01-21,150
26,2023-01-28,86
26,2023-02-04,86
26,2023-02-11,51
26,2023-02-18,58
26,2023-02-25,57
26,2023-03-04,44
26,2023-03-11,41
26,2023-03-18,31
26,2023-03-25,19
26,2023-04-01,17
26,2023-04-08,27
26,2023-04-15,15
26,2023-04-22,8
26,2023-04-29,7
26,2023-05-06,17
26,2023-05-13,17
26,2023-05-20,14
26,2023-05-27,17
26,2023-06-03,16
26,2023-06-10,12
26,2023-06-17,13
26,2023-06-24,13
26,2023-07-01,8
26,2023-07-08,5
26,2023-07-15,4
26,2023-07-22,3
26,2023-07-29,5
26,2023-08-05,4
26,2023-08-12,12
26,2023-08-19,16
26,2023-08-26,11
26,2023-09-02,11
26,2023-09-09,3
27,2022-09-03,1
27,2022-09-10,1
27,2022-09-17,0
27,2022-09-24,3
27,2022-10-01,2
27,2022-10-08,11
27,2022-10-15,7
27,2022-10-22,11
27,2022-10-29,43
27,2022-11-05,85
27,2022-11-12,182
27,2022-11-19,268
27,2022-11-26,382
27,2022-12-03,447
27,2022-12-10,325
27,2022-12-17,236
27,2022-12-24,162
27,2022-12-31,164
27,2023-01-07,75
27,2023-01-14,48
27,2023-01-21,25
27,2023-01-28,15
27,2023-02-04,16
27,2023-02-11,9
27,2023-02-18,8
27,2023-02-25,8
27,2023-03-04,7
27,2023-03-11,4
27,2023-03-18,6
27,2023-03-25,6
27,2023-04-01,9
27,2023-04-08,14
27,2023-04-15,11
27,2023-04-22,6
27,2023-04-29,14
27,2023-05-06,20
27,2023-05-13,11
27,2023-05-20,7
27,2023-05-27,3
27,2023-06-03,1
27,2023-06-10,6
27,2023-06-17,7
27,2023-06-24,2
27,2023-07-01,0
27,2023-07-08,1
27,2023-07-15,0
27,2023-07-22,0
27,2023-07-29,4
27,2023-08-05,1
27,2023-08-12,0
27,2023-08-19,0
27,2023-08-26,3
27,2023-09-02,0
27,2023-09-09,0
28,2022-09-03,19
28,2022-09-10,22
28,2022-09-17,32
28,2022-09-24,20
28,2022-10-01,35
28,2022-10-08,58
28,2022-10-15,70
28,2022-10-22,90
28,2022-10-29,165
28,2022-11-05,255
28,2022-11-12,258
28,2022-11-19,243
28,2022-11-26,282
28,2022-12-03,258
28,2022-12-10,171
28,2022-12-17,133
28,2022-12-24,87
28,2022-12-31,122
28,2023-01-07,86
28,2023-01-14,49
28,2023-01-21,58
28,2023-01-28,30
28,2023-02-04,27
28,2023-02-11,19
28,2023-02-18,33
28,2023-02-25,31
28,2023-03-04,34
28,2023-03-11,30
28,2023-03-18,23
28,2023-03-25,15
28,2023-04-01,20
28,2023-04-08,26
28,2023-04-15,19
28,2023-04-22,30
28,2023-04-29,15
28,2023-05-06,20
28,2023-05-13,28
28,2023-05-20,22
28,2023-05-27,16
28,2023-06-03,11
28,2023-06-10,16
28,2023-06-17,14
28,2023-06-24,13
28,2023-07-01,15
28,2023-07-08,15
28,2023-07-15,15
28,2023-07-22,11
28,2023-07-29,16
28,2023-08-05,11
28,2023-08-12,26
28,2023-08-19,38
28,2023-08-26,43
28,2023-09-02,40
28,2023-09-09,17
29,2022-09-03,10
29,2022-09-10,4
29,2022-09-17,6
29,2022-09-24,7
29,2022-10-01,14
29,2022-10-08,6
29,2022-10-15,12
29,2022-10-22,23
29,2022-10-29,56
29,2022-11-05,71
29,2022-11-12,115
29,2022-11-19,221
29,2022-11-26,548
29,2022-12-03,861
29,2022-12-10,861
29,2022-12-17,717
29,2022-12-24,548
29,2022-12-31,642
29,2023-01-07,370
29,2023-01-14,176
29,2023-01-21,94
29,2023-01-28,68
29,2023-02-04,52
29,2023-02-11,39
29,2023-02-18,45
29,2023-02-25,33
29,2023-03-04,38
29,2023-03-11,37
29,2023-03-18,22
29,2023-03-25,31
29,2023-04-01,29
29,2023-04-08,29
29,2023-04-15,19
29,2023-04-22,22
29,2023-04-29,24
29,2023-05-06,24
29,2023-05-13,25
29,2023-05-20,18
29,2023-05-27,9
29,2023-06-03,8
29,2023-06-10,8
29,2023-06-17,11
29,2023-06-24,10
29,2023-07-01,8
29,2023-07-08,3
29,2023-07-15,14
29,2023-07-22,18
29,2023-07-29,10
29,2023-08-05,4
29,2023-08-12,11
29,2023-08-19,9
29,2023-08-26,7
29,2023-09-02,7
29,2023-09-09,13
30,2022-09-03,0
30,2022-09-10,0
30,2022-09-17,1
30,2022-09-24,0
30,2022-10-01,2
30,2022-10-08,0
30,2022-10-15,0
30,2022-10-22,0
30,2022-10-29,5
30,2022-11-05,5
30,2022-11-12,12
30,2022-11-19,12
30,2022-11-26,50
30,2022-12-03,71
30,2022-12-10,104
30,2022-12-17,96
30,2022-12-24,64
30,2022-12-31,86
30,2023-01-07,58
30,2023-01-14,37
30,2023-01-21,13
30,2023-01-28,10
30,2023-02-04,9
30,2023-02-11,3
30,2023-02-18,4
30,2023-02-25,3
30,2023-03-04,6
30,2023-03-11,4
30,2023-03-18,1
30,2023-03-25,1
30,2023-04-01,1
30,2023-04-08,0
30,2023-04-15,1
30,2023-04-22,1
30,2023-04-29,0
30,2023-05-06,0
30,2023-05-13,0
30,2023-05-20,2
30,2023-05-27,3
30,2023-06-03,0
30,2023-06-10,2
30,2023-06-17,2
30,2023-06-24,1
30,2023-07-01,1
30,2023-07-08,0
30,2023-07-15,1
30,2023-07-22,0
30,2023-07-29,0
30,2023-08-05,0
30,2023-08-12,0
30,2023-08-19,0
30,2023-08-26,0
30,2023-09-02,0
30,2023-09-09,1
31,2022-09-03,8
31,2022-09-10,4
31,2022-09-17,7
31,2022-09-24,9
31,2022-10-01,11
31,2022-10-08,22
31,2022-10-15,9
31,2022-10-22,14
31,2022-10-29,16
31,2022-11-05,28
31,2022-11-12,21
31,2022-11-19,43
31,2022-11-26,62
31,2022-12-03,97
31,2022-12-10,133
31,2022-12-17,173
31,2022-12-24,138
31,2022-12-31,136
31,2023-01-07,93
31,2023-01-14,58
31,2023-01-21,57
31,2023-01-28,19
31,2023-02-04,8
31,2023-02-11,0
31,2023-02-18,6
31,2023-02-25,11
31,2023-03-04,6
31,2023-03-11,13
31,2023-03-18,11
31,2023-03-25,9
31,2023-04-01,9
31,2023-04-08,6
31,2023-04-15,4
31,2023-04-22,7
31,2023-04-29,4
31,2023-05-06,1
31,2023-05-13,4
31,2023-05-20,2
31,2023-05-27,8
31,2023-06-03,2
31,2023-06-10,2
31,2023-06-17,0
31,2023-06-24,1
31,2023-07-01,1
31,2023-07-08,1
31,2023-07-15,0
31,2023-07-22,1
31,2023-07-29,1
31,2023-08-05,1
31,2023-08-12,1
31,2023-08-19,1
31,2023-08-26,4
31,2023-09-02,1
31,2023-09-09,1
32,2022-09-03,3
32,2022-09-10,6
32,2022-09-17,8
32,2022-09-24,9
32,2022-10-01,14
32,2022-10-08,37
32,2022-10-15,8
32,2022-10-22,14
32,2022-10-29,12
32,2022-11-05,31
32,2022-11-12,80
32,2022-11-19,157
32,2022-11-26,252
32,2022-12-03,397
32,2022-12-10,366
32,2022-12-17,231
32,2022-12-24,232
32,2022-12-31,169
32,2023-01-07,107
32,2023-01-14,29
32,2023-01-21,21
32,2023-01-28,11
32,2023-02-04,6
32,2023-02-11,10
32,2023-02-18,11
32,2023-02-25,3
32,2023-03-04,4
32,2023-03-11,3
32,2023-03-18,6
32,2023-03-25,10
32,2023-04-01,3
32,2023-04-08,7
32,2023-04-15,4
32,2023-04-22,0
32,2023-04-29,6
32,2023-05-06,5
32,2023-05-13,6
32,2023-05-20,4
32,2023-05-27,5
32,2023-06-03,7
32,2023-06-10,12
32,2023-06-17,7
32,2023-06-24,9
32,2023-07-01,8
32,2023-07-08,5
32,2023-07-15,10
32,2023-07-22,10
32,2023-07-29,2
32,2023-08-05,6
32,2023-08-12,6
32,2023-08-19,4
32,2023-08-26,4
32,2023-09-02,3
32,2023-09-09,4
33,2022-09-03,0
33,2022-09-10,0
33,2022-09-17,3
33,2022-09-24,2
33,2022-10-01,0
33,2022-10-08,0
33,2022-10-15,0
33,2022-10-22,1
33,2022-10-29,0
33,2022-11-05,3
33,2022-11-12,5
33,2022-11-19,7
33,2022-11-26,12
33,2022-12-03,36
33,2022-12-10,73
33,2022-12-17,87
33,2022-12-24,120
33,2022-12-31,142
33,2023-01-07,100
33,2023-01-14,44
33,2023-01-21,20
33,2023-01-28,20
33,2023-02-04,1
33,2023-02-11,9
33,2023-02-18,4
33,2023-02-25,2
33,2023-03-04,1
33,2023-03-11,6
33,2023-03-18,9
33,2023-03-25,9
33,2023-04-01,9
33,2023-04-08,5
33,2023-04-15,0
33,2023-04-22,1
33,2023-04-29,3
33,2023-05-06,2
33,2023-05-13,1
33,2023-05-20,1
33,2023-05-27,3
33,2023-06-03,1
33,2023-06-10,0
33,2023-06-17,2
33,2023-06-24,0
33,2023-07-01,1
33,2023-07-08,0
33,2023-07-15,1
33,2023-07-22,0
33,2023-07-29,1
33,2023-08-05,1
33,2023-08-12,1
33,2023-08-19,0
33,2023-08-26,0
33,2023-09-02,4
33,2023-09-09,1
34,2022-09-03,9
34,2022-09-10,13
34,2022-09-17,9
34,2022-09-24,19
34,2022-10-01,17
34,2022-10-08,28
34,2022-10-15,31
34,2022-10-22,32
34,2022-10-29,76
34,2022-11-05,183
34,2022-11-12,309
34,2022-11-19,324
34,2022-11-26,581
34,2022-12-03,892
34,2022-12-10,738
34,2022-12-17,601
34,2022-12-24,522
34,2022-12-31,505
34,2023-01-07,316
34,2023-01-14,157
34,2023-01-21,102
34,2023-01-28,70
34,2023-02-04,31
34,2023-02-11,28
34,2023-02-18,56
34,2023-02-25,41
34,2023-03-04,27
34,2023-03-11,25
34,2023-03-18,22
34,2023-03-25,45
34,2023-04-01,37
34,2023-04-08,41
34,2023-04-15,43
34,2023-04-22,35
34,2023-04-29,12
34,2023-05-06,21
34,2023-05-13,22
34,2023-05-20,15
34,2023-05-27,19
34,2023-06-03,27
34,2023-06-10,12
34,2023-06-17,8
34,2023-06-24,11
34,2023-07-01,7
34,2023-07-08,16
34,2023-07-15,10
34,2023-07-22,14
34,2023-07-29,8
34,2023-08-05,16
34,2023-08-12,5
34,2023-08-19,12
34,2023-08-26,15
34,2023-09-02,10
34,2023-09-09,14
35,2022-09-03,21
35,2022-09-10,7
35,2022-09-17,4
35,2022-09-24,9
35,2022-10-01,12
35,2022-10-08,27
35,2022-10-15,22
35,2022-10-22,29
35,2022-10-29,56
35,2022-11-05,97
35,2022-11-12,154
35,2022-11-19,159
35,2022-11-26,190
35,2022-12-03,371
35,2022-12-10,417
35,2022-12-17,351
35,2022-12-24,352
35,2022-12-31,269
35,2023-01-07,163
35,2023-01-14,43
35,2023-01-21,30
35,2023-01-28,17
35,2023-02-04,9
35,2023-02-11,9
35,2023-02-18,3
35,2023-02-25,12
35,2023-03-04,15
35,2023-03-11,5
35,2023-03-18,3
35,2023-03-25,4
35,2023-04-01,8
35,2023-04-08,1
35,2023-04-15,4
35,2023-04-22,8
35,2023-04-29,2
35,2023-05-06,1
35,2023-05-13,1
35,2023-05-20,4
35,2023-05-27,3
35,2023-06-03,2
35,2023-06-10,1
35,2023-06-17,1
35,2023-06-24,1
35,2023-07-01,0
35,2023-07-08,1
35,2023-07-15,0
35,2023-07-22,1
35,2023-07-29,1
35,2023-08-05,1
35,2023-08-12,1
35,2023-08-19,2
35,2023-08-26,1
35,2023-09-02,4
35,2023-09-09,3
36,2022-09-03,21
36,2022-09-10,14
36,2022-09-17,20
36,2022-09-24,12
36,2022-10-01,29
36,2022-10-08,38
36,2022-10-15,49
36,2022-10-22,49
36,2022-10-29,107
36,2022-11-05,206
36,2022-11-12,300
36,2022-11-19,508
36,2022-11-26,871
36,2022-12-03,1350
36,2022-12-10,1531
36,2022-12-17,1741
36,2022-12-24,1485
36,2022-12-31,1273
36,2023-01-07,797
36,2023-01-14,425
36,2023-01-21,243
36,2023-01-28,154
36,2023-02-04,94
36,2023-02-11,98
36,2023-02-18,84
36,2023-02-25,50
36,2023-03-04,51
36,2023-03-11,57
36,2023-03-18,64
36,2023-03-25,73
36,2023-04-01,78
36,2023-04-08,76
36,2023-04-15,74
36,2023-04-22,45
36,2023-04-29,40
36,2023-05-06,50
36,2023-05-13,48
36,2023-05-20,53
36,2023-05-27,60
36,2023-06-03,37
36,2023-06-10,38
36,2023-06-17,41
36,2023-06-24,36
36,2023-07-01,29
36,2023-07-08,19
36,2023-07-15,17
36,2023-07-22,27
36,2023-07-29,21
36,2023-08-05,30
36,2023-08-12,23
36,2023-08-19,15
36,2023-08-26,19
36,2023-09-02,41
36,2023-09-09,19
37,2022-09-03,8
37,2022-09-10,14
37,2022-09-17,17
37,2022-09-24,13
37,2022-10-01,21
37,2022-10-08,22
37,2022-10-15,32
37,2022-10-22,79
37,2022-10-29,211
37,2022-11-05,281
37,2022-11-12,371
37,2022-11-19,369
37,2022-11-26,467
37,2022-12-03,600
37,2022-12-10,385
37,2022-12-17,316
37,2022-12-24,296
37,2022-12-31,308
37,2023-01-07,194
37,2023-01-14,124
37,2023-01-21,59
37,2023-01-28,34
37,2023-02-04,45
37,2023-02-11,55
37,2023-02-18,43
37,2023-02-25,30
37,2023-03-04,34
37,2023-03-11,28
37,2023-03-18,30
37,2023-03-25,18
37,2023-04-01,10
37,2023-04-08,27
37,2023-04-15,21
37,2023-04-22,15
37,2023-04-29,7
37,2023-05-06,8
37,2023-05-13,17
37,2023-05-20,10
37,2023-05-27,6
37,2023-06-03,14
37,2023-06-10,12
37,2023-06-17,17
37,2023-06-24,17
37,2023-07-01,16
37,2023-07-08,11
37,2023-07-15,12
37,2023-07-22,6
37,2023-07-29,9
37,2023-08-05,9
37,2023-08-12,10
37,2023-08-19,14
37,2023-08-26,9
37,2023-09-02,17
37,2023-09-09,8
38,2022-09-03,3
38,2022-09-10,0
38,2022-09-17,0
38,2022-09-24,1
38,2022-10-01,0
38,2022-10-08,0
38,2022-10-15,2
38,2022-10-22,1
38,2022-10-29,2
38,2022-11-05,5
38,2022-11-12,10
38,2022-11-19,12
38,2022-11-26,28
38,2022-12-03,49
38,2022-12-10,59
38,2022-12-17,95
38,2022-12-24,70
38,2022-12-31,81
38,2023-01-07,69
38,2023-01-14,48
38,2023-01-21,28
38,2023-01-28,21
38,2023-02-04,8
38,2023-02-11,19
38,2023-02-18,8
38,2023-02-25,9
38,2023-03-04,4
38,2023-03-11,6
38,2023-03-18,10
38,2023-03-25,0
38,2023-04-01,0
38,2023-04-08,8
38,2023-04-15,4
38,2023-04-22,5
38,2023-04-29,3
38,2023-05-06,8
38,2023-05-13,1
38,2023-05-20,4
38,2023-05-27,3
38,2023-06-03,2
38,2023-06-10,2
38,2023-06-17,2
38,2023-06-24,1
38,2023-07-01,1
38,2023-07-08,2
38,2023-07-15,1
38,2023-07-22,1
38,2023-07-29,1
38,2023-08-05,0
38,2023-08-12,1
38,2023-08-19,0
38,2023-08-26,1
38,2023-09-02,0
38,2023-09-09,0
39,2022-09-03,13
39,2022-09-10,16
39,2022-09-17,5
39,2022-09-24,12
39,2022-10-01,17
39,2022-10-08,18
39,2022-10-15,32
39,2022-10-22,39
39,2022-10-29,115
39,2022-11-05,211
39,2022-11-12,244
39,2022-11-19,329
39,2022-11-26,646
39,2022-12-03,966
39,2022-12-10,952
39,2022-12-17,982
39,2022-12-24,783
39,2022-12-31,688
39,2023-01-07,429
39,2023-01-14,179
39,2023-01-21,107
39,2023-01-28,66
39,2023-02-04,63
39,2023-02-11,46
39,2023-02-18,42
39,2023-02-25,24
39,2023-03-04,24
39,2023-03-11,26
39,2023-03-18,32
39,2023-03-25,34
39,2023-04-01,30
39,2023-04-08,13
39,2023-04-15,26
39,2023-04-22,18
39,2023-04-29,18
39,2023-05-06,16
39,2023-05-13,18
39,2023-05-20,9
39,2023-05-27,18
39,2023-06-03,6
39,2023-06-10,13
39,2023-06-17,9
39,2023-06-24,15
39,2023-07-01,12
39,2023-07-08,8
39,2023-07-15,13
39,2023-07-22,3
39,2023-07-29,10
39,2023-08-05,9
39,2023-08-12,9
39,2023-08-19,9
39,2023-08-26,17
39,2023-09-02,14
39,2023-09-09,14
40,2022-09-03,9
40,2022-09-10,10
40,2022-09-17,9
40,2022-09-24,8
40,2022-10-01,6
40,2022-10-08,7
40,2022-10-15,17
40,2022-10-22,36
40,2022-10-29,59
40,2022-11-05,46
40,2022-11-12,85
40,2022-11-19,177
40,2022-11-26,426
40,2022-12-03,829
40,2022-12-10,871
40,2022-12-17,764
40,2022-12-24,682
40,2022-12-31,700
40,2023-01-07,480
40,2023-01-14,267
40,2023-01-21,139
40,2023-01-28,97
40,2023-02-04,75
40,2023-02-11,52
40,2023-02-18,42
40,2023-02-25,35
40,2023-03-04,27
40,2023-03-11,27
40,2023-03-18,22
40,2023-03-25,23
40,2023-04-01,22
40,2023-04-08,22
40,2023-04-15,17
40,2023-04-22,17
40,2023-04-29,22
40,2023-05-06,9
40,2023-05-13,14
40,2023-05-20,26
40,2023-05-27,16
40,2023-06-03,12
40,2023-06-10,12
40,2023-06-17,14
40,2023-06-24,9
40,2023-07-01,15
40,2023-07-08,10
40,2023-07-15,10
40,2023-07-22,11
40,2023-07-29,14
40,2023-08-05,6
40,2023-08-12,11
40,2023-08-19,21
40,2023-08-26,15
40,2023-09-02,14
40,2023-09-09,20
41,2022-09-03,0
41,2022-09-10,1
41,2022-09-17,1
41,2022-09-24,1
41,2022-10-01,1
41,2022-10-08,1
41,2022-10-15,2
41,2022-10-22,6
41,2022-10-29,5
41,2022-11-05,46
41,2022-11-12,45
41,2022-11-19,129
41,2022-11-26,406
41,2022-12-03,546
41,2022-12-10,698
41,2022-12-17,652
41,2022-12-24,443
41,2022-12-31,344
41,2023-01-07,130
41,2023-01-14,62
41,2023-01-21,25
41,2023-01-28,10
41,2023-02-04,10
41,2023-02-11,6
41,2023-02-18,5
41,2023-02-25,5
41,2023-03-04,8
41,2023-03-11,5
41,2023-03-18,7
41,2023-03-25,3
41,2023-04-01,5
41,2023-04-08,5
41,2023-04-15,2
41,2023-04-22,1
41,2023-04-29,5
41,2023-05-06,2
41,2023-05-13,0
41,2023-05-20,2
41,2023-05-27,3
41,2023-06-03,4
41,2023-06-10,5
41,2023-06-17,4
41,2023-06-24,3
41,2023-07-01,1
41,2023-07-08,2
41,2023-07-15,6
41,2023-07-22,2
41,2023-07-29,2
41,2023-08-05,4
41,2023-08-12,5
41,2023-08-19,1
41,2023-08-26,4
41,2023-09-02,2
41,2023-09-09,3
42,2022-09-03,40
42,2022-09-10,35
42,2022-09-17,29
42,2022-09-24,35
42,2022-10-01,53
42,2022-10-08,59
42,2022-10-15,76
42,2022-10-22,97
42,2022-10-29,179
42,2022-11-05,238
42,2022-11-12,366
42,2022-11-19,438
42,2022-11-26,825
42,2022-12-03,1330
42,2022-12-10,1180
42,2022-12-17,1042
42,2022-12-24,1044
42,2022-12-31,1060
42,2023-01-07,777
42,2023-01-14,430
42,2023-01-21,288
42,2023-01-28,222
42,2023-02-04,186
42,2023-02-11,183
42,2023-02-18,197
42,2023-02-25,167
42,2023-03-04,164
42,2023-03-11,179
42,2023-03-18,171
42,2023-03-25,147
42,2023-04-01,91
42,2023-04-08,65
42,2023-04-15,73
42,2023-04-22,77
42,2023-04-29,74
42,2023-05-06,52
42,2023-05-13,59
42,2023-05-20,54
42,2023-05-27,58
42,2023-06-03,66
42,2023-06-10,60
42,2023-06-17,50
42,2023-06-24,49
42,2023-07-01,47
42,2023-07-08,47
42,2023-07-15,43
42,2023-07-22,36
42,2023-07-29,40
42,2023-08-05,47
42,2023-08-12,37
42,2023-08-19,44
42,2023-08-26,43
42,2023-09-02,41
42,2023-09-09,43
44,2022-09-03,0
44,2022-09-10,0
44,2022-09-17,0
44,2022-09-24,0
44,2022-10-01,1
44,2022-10-08,1
44,2022-10-15,0
44,2022-10-22,2
44,2022-10-29,0
44,2022-11-05,3
44,2022-11-12,6
44,2022-11-19,3
44,2022-11-26,16
44,2022-12-03,26
44,2022-12-10,50
44,2022-12-17,47
44,2022-12-24,62
44,2022-12-31,51
44,2023-01-07,31
44,2023-01-14,10
44,2023-01-21,14
44,2023-01-28,10
44,2023-02-04,3
44,2023-02-11,1
44,2023-02-18,2
44,2023-02-25,2
44,2023-03-04,1
44,2023-03-11,0
44,2023-03-18,1
44,2023-03-25,2
44,2023-04-01,0
44,2023-04-08,0
44,2023-04-15,1
44,2023-04-22,1
44,2023-04-29,1
44,2023-05-06,1
44,2023-05-13,3
44,2023-05-20,0
44,2023-05-27,3
44,2023-06-03,1
44,2023-06-10,1
44,2023-06-17,2
44,2023-06-24,1
44,2023-07-01,0
44,2023-07-08,2
44,2023-07-15,0
44,2023-07-22,0
44,2023-07-29,0
44,2023-08-05,0
44,2023-08-12,0
44,2023-08-19,0
44,2023-08-26,0
44,2023-09-02,0
44,2023-09-09,0
45,2022-09-03,14
45,2022-09-10,8
45,2022-09-17,8
45,2022-09-24,18
45,2022-10-01,18
45,2022-10-08,38
45,2022-10-15,37
45,2022-10-22,88
45,2022-10-29,163
45,2022-11-05,258
45,2022-11-12,254
45,2022-11-19,215
45,2022-11-26,233
45,2022-12-03,223
45,2022-12-10,163
45,2022-12-17,137
45,2022-12-24,128
45,2022-12-31,164
45,2023-01-07,128
45,2023-01-14,78
45,2023-01-21,60
45,2023-01-28,34
45,2023-02-04,42
45,2023-02-11,47
45,2023-02-18,42
45,2023-02-25,38
45,2023-03-04,32
45,2023-03-11,26
45,2023-03-18,21
45,2023-03-25,25
45,2023-04-01,20
45,2023-04-08,25
45,2023-04-15,19
45,2023-04-22,23
45,2023-04-29,26
45,2023-05-06,21
45,2023-05-13,21
45,2023-05-20,17
45,2023-05-27,19
45,2023-06-03,27
45,2023-06-10,20
45,2023-06-17,25
45,2023-06-24,22
45,2023-07-01,20
45,2023-07-08,14
45,2023-07-15,20
45,2023-07-22,19
45,2023-07-29,16
45,2023-08-05,17
45,2023-08-12,8
45,2023-08-19,15
45,2023-08-26,18
45,2023-09-02,11
45,2023-09-09,23
46,2022-09-03,7
46,2022-09-10,7
46,2022-09-17,7
46,2022-09-24,7
46,2022-10-01,10
46,2022-10-08,10
46,2022-10-15,13
46,2022-10-22,12
46,2022-10-29,9
46,2022-11-05,9
46,2022-11-12,13
46,2022-11-19,28
46,2022-11-26,63
46,2022-12-03,70
46,2022-12-10,85
46,2022-12-17,105
46,2022-12-24,71
46,2022-12-31,57
46,2023-01-07,58
46,2023-01-14,16
46,2023-01-21,11
46,2023-01-28,16
46,2023-02-04,12
46,2023-02-11,9
46,2023-02-18,10
46,2023-02-25,4
46,2023-03-04,9
46,2023-03-11,16
46,2023-03-18,11
46,2023-03-25,21
46,2023-04-01,13
46,2023-04-08,10
46,2023-04-15,4
46,2023-04-22,4
46,2023-04-29,5
46,2023-05-06,6
46,2023-05-13,6
46,2023-05-20,2
46,2023-05-27,1
46,2023-06-03,4
46,2023-06-10,1
46,2023-06-17,2
46,2023-06-24,0
46,2023-07-01,3
46,2023-07-08,2
46,2023-07-15,0
46,2023-07-22,0
46,2023-07-29,0
46,2023-08-05,0
46,2023-08-12,0
46,2023-08-19,2
46,2023-08-26,0
46,2023-09-02,1
46,2023-09-09,3
47,2022-09-03,17
47,2022-09-10,24
47,2022-09-17,20
47,2022-09-24,35
47,2022-10-01,41
47,2022-10-08,41
47,2022-10-15,65
47,2022-10-22,94
47,2022-10-29,130
47,2022-11-05,261
47,2022-11-12,317
47,2022-11-19,300
47,2022-11-26,534
47,2022-12-03,660
47,2022-12-10,462
47,2022-12-17,251
47,2022-12-24,225
47,2022-12-31,247
47,2023-01-07,171
47,2023-01-14,85
47,2023-01-21,75
47,2023-01-28,37
47,2023-02-04,41
47,2023-02-11,33
47,2023-02-18,50
47,2023-02-25,43
47,2023-03-04,34
47,2023-03-11,29
47,2023-03-18,29
47,2023-03-25,31
47,2023-04-01,46
47,2023-04-08,28
47,2023-04-15,23
47,2023-04-22,22
47,2023-04-29,20
47,2023-05-06,23
47,2023-05-13,13
47,2023-05-20,17
47,2023-05-27,27
47,2023-06-03,17
47,2023-06-10,28
47,2023-06-17,23
47,2023-06-24,12
47,2023-07-01,26
47,2023-07-08,23
47,2023-07-15,22
47,2023-07-22,20
47,2023-07-29,16
47,2023-08-05,24
47,2023-08-12,28
47,2023-08-19,23
47,2023-08-26,28
47,2023-09-02,29
47,2023-09-09,44
48,2022-09-03,83
48,2022-09-10,121
48,2022-09-17,122
48,2022-09-24,128
48,2022-10-01,137
48,2022-10-08,239
48,2022-10-15,329
48,2022-10-22,509
48,2022-10-29,744
48,2022-11-05,984
48,2022-11-12,1129
48,2022-11-19,1230
48,2022-11-26,1929
48,2022-12-03,2139
48,2022-12-10,1781
48,2022-12-17,1462
48,2022-12-24,1225
48,2022-12-31,1432
48,2023-01-07,1167
48,2023-01-14,727
48,2023-01-21,458
48,2023-01-28,341
48,2023-02-04,256
48,2023-02-11,270
48,2023-02-18,235
48,2023-02-25,202
48,2023-03-04,167
48,2023-03-11,152
48,2023-03-18,147
48,2023-03-25,135
48,2023-04-01,150
48,2023-04-08,120
48,2023-04-15,110
48,2023-04-22,100
48,2023-04-29,119
48,2023-05-06,110
48,2023-05-13,94
48,2023-05-20,96
48,2023-05-27,80
48,2023-06-03,79
48,2023-06-10,71
48,2023-06-17,99
48,2023-06-24,99
48,2023-07-01,98
48,2023-07-08,76
48,2023-07-15,111
48,2023-07-22,81
48,2023-07-29,85
48,2023-08-05,93
48,2023-08-12,120
48,2023-08-19,124
48,2023-08-26,132
48,2023-09-02,125
48,2023-09-09,121
49,2022-09-03,1
49,2022-09-10,1
49,2022-09-17,0
49,2022-09-24,1
49,2022-10-01,0
49,2022-10-08,2
49,2022-10-15,1
49,2022-10-22,8
49,2022-10-29,11
49,2022-11-05,5
49,2022-11-12,14
49,2022-11-19,8
49,2022-11-26,29
49,2022-12-03,36
49,2022-12-10,64
49,2022-12-17,41
49,2022-12-24,62
49,2022-12-31,90
49,2023-01-07,54
49,2023-01-14,27
49,2023-01-21,17
49,2023-01-28,5
49,2023-02-04,8
49,2023-02-11,6
49,2023-02-18,4
49,2023-02-25,5
49,2023-03-04,1
49,2023-03-11,7
49,2023-03-18,4
49,2023-03-25,2
49,2023-04-01,4
49,2023-04-08,5
49,2023-04-15,4
49,2023-04-22,5
49,2023-04-29,1
49,2023-05-06,5
49,2023-05-13,7
49,2023-05-20,1
49,2023-05-27,6
49,2023-06-03,0
49,2023-06-10,1
49,2023-06-17,5
49,2023-06-24,2
49,2023-07-01,3
49,2023-07-08,2
49,2023-07-15,2
49,2023-07-22,1
49,2023-07-29,0
49,2023-08-05,1
49,2023-08-12,1
49,2023-08-19,0
49,2023-08-26,0
49,2023-09-02,1
49,2023-09-09,3
50,2022-09-03,1
50,2022-09-10,0
50,2022-09-17,0
50,2022-09-24,0
50,2022-10-01,0
50,2022-10-08,1
50,2022-10-15,1
50,2022-10-22,0
50,2022-10-29,1
50,2022-11-05,1
50,2022-11-12,0
50,2022-11-19,2
50,2022-11-26,15
50,2022-12-03,34
50,2022-12-10,45
50,2022-12-17,66
50,2022-12-24,66
50,2022-12-31,76
50,2023-01-07,41
50,2023-01-14,10
50,2023-01-21,11
50,2023-01-28,6
50,2023-02-04,1
50,2023-02-11,0
50,2023-02-18,2
50,2023-02-25,2
50,2023-03-04,1
50,2023-03-11,5
50,2023-03-18,3
50,2023-03-25,3
50,2023-04-01,0
50,2023-04-08,0
50,2023-04-15,1
50,2023-04-22,0
50,2023-04-29,2
50,2023-05-06,0
50,2023-05-13,0
50,2023-05-20,2
50,2023-05-27,0
50,2023-06-03,0
50,2023-06-10,0
50,2023-06-17,0
50,2023-06-24,0
50,2023-07-01,1
50,2023-07-08,0
50,2023-07-15,0
50,2023-07-22,0
50,2023-07-29,0
50,2023-08-05,0
50,2023-08-12,0
50,2023-08-19,0
50,2023-08-26,0
50,2023-09-02,0
50,2023-09-09,1
51,2022-09-03,29
51,2022-09-10,20
51,2022-09-17,27
51,2022-09-24,18
51,2022-10-01,30
51,2022-10-08,50
51,2022-10-15,52
51,2022-10-22,89
51,2022-10-29,186
51,2022-11-05,315
51,2022-11-12,339
51,2022-11-19,273
51,2022-11-26,440
51,2022-12-03,469
51,2022-12-10,338
51,2022-12-17,285
51,2022-12-24,274
51,2022-12-31,280
51,2023-01-07,211
51,2023-01-14,112
51,2023-01-21,72
51,2023-01-28,57
51,2023-02-04,64
51,2023-02-11,63
51,2023-02-18,54
51,2023-02-25,62
51,2023-03-04,56
51,2023-03-11,45
51,2023-03-18,59
51,2023-03-25,51
51,2023-04-01,46
51,2023-04-08,55
51,2023-04-15,29
51,2023-04-22,47
51,2023-04-29,39
51,2023-05-06,47
51,2023-05-13,39
51,2023-05-20,42
51,2023-05-27,46
51,2023-06-03,34
51,2023-06-10,26
51,2023-06-17,25
51,2023-06-24,26
51,2023-07-01,38
51,2023-07-08,42
51,2023-07-15,26
51,2023-07-22,22
51,2023-07-29,19
51,2023-08-05,32
51,2023-08-12,32
51,2023-08-19,39
51,2023-08-26,29
51,2023-09-02,27
51,2023-09-09,36
53,2022-09-03,8
53,2022-09-10,10
53,2022-09-17,15
53,2022-09-24,10
53,2022-10-01,8
53,2022-10-08,17
53,2022-10-15,17
53,2022-10-22,20
53,2022-10-29,35
53,2022-11-05,42
53,2022-11-12,105
53,2022-11-19,270
53,2022-11-26,605
53,2022-12-03,716
53,2022-12-10,707
53,2022-12-17,713
53,2022-12-24,387
53,2022-12-31,380
53,2023-01-07,208
53,2023-01-14,133
53,2023-01-21,80
53,2023-01-28,56
53,2023-02-04,44
53,2023-02-11,42
53,2023-02-18,37
53,2023-02-25,34
53,2023-03-04,57
53,2023-03-11,42
53,2023-03-18,30
53,2023-03-25,28
53,2023-04-01,33
53,2023-04-08,23
53,2023-04-15,32
53,2023-04-22,16
53,2023-04-29,11
53,2023-05-06,14
53,2023-05-13,12
53,2023-05-20,12
53,2023-05-27,14
53,2023-06-03,19
53,2023-06-10,32
53,2023-06-17,18
53,2023-06-24,18
53,2023-07-01,19
53,2023-07-08,18
53,2023-07-15,21
53,2023-07-22,17
53,2023-07-29,20
53,2023-08-05,18
53,2023-08-12,18
53,2023-08-19,24
53,2023-08-26,25
53,2023-09-02,38
53,2023-09-09,36
54,2022-09-03,1
54,2022-09-10,0
54,2022-09-17,1
54,2022-09-24,1
54,2022-10-01,1
54,2022-10-08,5
54,2022-10-15,12
54,2022-10-22,23
54,2022-10-29,66
54,2022-11-05,84
54,2022-11-12,130
54,2022-11-19,135
54,2022-11-26,209
54,2022-12-03,320
54,2022-12-10,236
54,2022-12-17,199
54,2022-12-24,149
54,2022-12-31,188
54,2023-01-07,138
54,2023-01-14,37
54,2023-01-21,13
54,2023-01-28,20
54,2023-02-04,23
54,2023-02-11,16
54,2023-02-18,10
54,2023-02-25,13
54,2023-03-04,8
54,2023-03-11,4
54,2023-03-18,10
54,2023-03-25,15
54,2023-04-01,7
54,2023-04-08,9
54,2023-04-15,5
54,2023-04-22,4
54,2023-04-29,5
54,2023-05-06,4
54,2023-05-13,6
54,2023-05-20,11
54,2023-05-27,8
54,2023-06-03,5
54,2023-06-10,7
54,2023-06-17,6
54,2023-06-24,2
54,2023-07-01,3
54,2023-07-08,0
54,2023-07-15,1
54,2023-07-22,1
54,2023-07-29,2
54,2023-08-05,1
54,2023-08-12,1
54,2023-08-19,8
54,2023-08-26,2
54,2023-09-02,1
54,2023-09-09,2
55,2022-09-03,2
55,2022-09-10,0
55,2022-09-17,0
55,2022-09-24,4
55,2022-10-01,1
55,2022-10-08,1
55,2022-10-15,6
55,2022-10-22,8
55,2022-10-29,17
55,2022-11-05,34
55,2022-11-12,50
55,2022-11-19,109
55,2022-11-26,255
55,2022-12-03,474
55,2022-12-10,478
55,2022-12-17,498
55,2022-12-24,444
55,2022-12-31,476
55,2023-01-07,324
55,2023-01-14,165
55,2023-01-21,96
55,2023-01-28,44
55,2023-02-04,22
55,2023-02-11,24
55,2023-02-18,7
55,2023-02-25,10
55,2023-03-04,3
55,2023-03-11,10
55,2023-03-18,7
55,2023-03-25,8
55,2023-04-01,7
55,2023-04-08,7
55,2023-04-15,12
55,2023-04-22,3
55,2023-04-29,0
55,2023-05-06,8
55,2023-05-13,4
55,2023-05-20,2
55,2023-05-27,3
55,2023-06-03,8
55,2023-06-10,9
55,2023-06-17,4
55,2023-06-24,1
55,2023-07-01,5
55,2023-07-08,5
55,2023-07-15,9
55,2023-07-22,7
55,2023-07-29,2
55,2023-08-05,1
55,2023-08-12,5
55,2023-08-19,2
55,2023-08-26,1
55,2023-09-02,4
55,2023-09-09,1
56,2022-09-03,0
56,2022-09-10,0
56,2022-09-17,0
56,2022-09-24,0
56,2022-10-01,0
56,2022-10-08,1
56,2022-10-15,3
56,2022-10-22,1
56,2022-10-29,5
56,2022-11-05,8
56,2022-11-12,13
56,2022-11-19,47
56,2022-11-26,45
56,2022-12-03,73
56,2022-12-10,52
56,2022-12-17,35
56,2022-12-24,51
56,2022-12-31,50
56,2023-01-07,33
56,2023-01-14,16
56,2023-01-21,11
56,2023-01-28,5
56,2023-02-04,7
56,2023-02-11,2
56,2023-02-18,1
56,2023-02-25,1
56,2023-03-04,0
56,2023-03-11,3
56,2023-03-18,1
56,2023-03-25,0
56,2023-04-01,1
56,2023-04-08,3
56,2023-04-15,2
56,2023-04-22,0
56,2023-04-29,1
56,2023-05-06,2
56,2023-05-13,1
56,2023-05-20,1
56,2023-05-27,0
56,2023-06-03,1
56,2023-06-10,1
56,2023-06-17,1
56,2023-06-24,1
56,2023-07-01,0
56,2023-07-08,1
56,2023-07-15,0
56,2023-07-22,0
56,2023-07-29,2
56,2023-08-05,0
56,2023-08-12,1
56,2023-08-19,0
56,2023-08-26,0
56,2023-09-02,0
56,2023-09-09,0
60,2022-09-03,0
60,2022-09-10,0
60,2022-09-17,0
60,2022-09-24,0
60,2022-10-01,0
60,2022-10-08,0
60,2022-10-15,0
60,2022-10-22,0
60,2022-10-29,0
60,2022-11-05,0
60,2022-11-12,0
60,2022-11-19,0
60,2022-11-26,0
60,2022-12-03,0
60,2022-12-10,0
60,2022-12-17,0
60,2022-12-24,0
60,2022-12-31,0
60,2023-01-07,0
60,2023-01-14,0
60,2023-01-21,0
60,2023-01-28,0
60,2023-02-04,0
60,2023-02-11,0
60,2023-02-18,0
60,2023-02-25,0
60,2023-03-04,0
60,2023-03-11,0
60,2023-03-18,0
60,2023-03-25,0
60,2023-04-01,0
60,2023-04-08,0
60,2023-04-15,0
60,2023-04-22,0
60,2023-04-29,0
60,2023-05-06,0
60,2023-05-13,0
60,2023-05-20,0
60,2023-05-27,0
60,2023-06-03,0
60,2023-06-10,0
60,2023-06-17,0
60,2023-06-24,0
60,2023-07-01,0
60,2023-07-08,0
60,2023-07-15,0
60,2023-07-22,0
60,2023-07-29,0
60,2023-08-05,0
60,2023-08-12,0
72,2022-09-03,29
72,2022-09-10,39
72,2022-09-17,49
72,2022-09-24,50
72,2022-10-01,41
72,2022-10-08,41
72,2022-10-15,56
72,2022-10-22,54
72,2022-10-29,76
72,2022-11-05,106
72,2022-11-12,97
72,2022-11-19,91
72,2022-11-26,97
72,2022-12-03,87
72,2022-12-10,88
72,2022-12-17,89
72,2022-12-24,99
72,2022-12-31,61
72,2023-01-07,64
72,2023-01-14,75
72,2023-01-21,50
72,2023-01-28,54
72,2023-02-04,59
72,2023-02-11,61
72,2023-02-18,46
72,2023-02-25,31
72,2023-03-04,21
72,2023-03-11,14
72,2023-03-18,15
72,2023-03-25,24
72,2023-04-01,46
72,2023-04-08,32
72,2023-04-15,33
72,2023-04-22,29
72,2023-04-29,38
72,2023-05-06,51
72,2023-05-13,45
72,2023-05-20,57
72,2023-05-27,57
72,2023-06-03,80
72,2023-06-10,56
72,2023-06-17,48
72,2023-06-24,61
72,2023-07-01,49
72,2023-07-08,39
72,2023-07-15,41
72,2023-07-22,32
72,2023-07-29,41
72,2023-08-05,30
72,2023-08-12,41
72,2023-08-19,30
72,2023-08-26,54
72,2023-09-02,59
72,2023-09-09,50
78,2022-09-03,0
78,2022-09-10,0
78,2022-09-17,0
78,2022-09-24,0
78,2022-10-01,0
78,2022-10-08,0
78,2022-10-15,0
78,2022-10-22,0
78,2022-10-29,0
78,2022-11-05,0
78,2022-11-12,0
78,2022-11-19,0
78,2022-11-26,0
78,2022-12-03,0
78,2022-12-10,0
78,2022-12-17,0
78,2022-12-24,0
78,2022-12-31,0
78,2023-01-07,0
78,2023-01-14,0
78,2023-01-21,0
78,2023-01-28,0
78,2023-02-04,0
78,2023-02-11,0
78,2023-02-18,0
78,2023-02-25,0
78,2023-03-04,0
78,2023-03-11,0
78,2023-03-18,0
78,2023-03-25,0
78,2023-04-01,0
78,2023-04-08,0
78,2023-04-15,0
78,2023-04-22,0
78,2023-04-29,0
78,2023-05-06,0
78,2023-05-13,0
78,2023-05-20,0
78,2023-05-27,0
78,2023-06-03,0
78,2023-06-10,0
78,2023-06-17,0
78,2023-06-24,0
78,2023-07-01,0
78,2023-07-08,0
78,2023-07-15,0
78,2023-07-22,0
78,2023-07-29,0
78,2023-08-05,0
78,2023-08-12,0
78,2023-08-19,0
78,2023-08-26,0
78,2023-09-02,0
78,2023-09-09,0
US,2022-09-03,601
US,2022-09-10,623
US,2022-09-17,644
US,2022-09-24,742
US,2022-10-01,896
US,2022-10-08,1331
US,2022-10-15,1694
US,2022-10-22,2380
US,2022-10-29,4353
US,2022-11-05,6571
US,2022-11-12,8848
US,2022-11-19,11427
US,2022-11-26,19846
US,2022-12-03,26333
US,2022-12-10,23851
US,2022-12-17,21426
US,2022-12-24,19287
US,2022-12-31,19369
US,2023-01-07,12928
US,2023-01-14,6686
US,2023-01-21,4182
US,2023-01-28,2838
US,2023-02-04,2320
US,2023-02-11,2152
US,2023-02-18,1844
US,2023-02-25,1658
US,2023-03-04,1453
US,2023-03-11,1394
US,2023-03-18,1394
US,2023-03-25,1311
US,2023-04-01,1264
US,2023-04-08,1182
US,2023-04-15,1034
US,2023-04-22,980
US,2023-04-29,912
US,2023-05-06,913
US,2023-05-13,960
US,2023-05-20,914
US,2023-05-27,921
US,2023-06-03,952
US,2023-06-10,889
US,2023-06-17,850
US,2023-06-24,813
US,2023-07-01,803
US,2023-07-08,676
US,2023-07-15,716
US,2023-07-22,601
US,2023-07-29,650
US,2023-08-05,679
US,2023-08-12,710
US,2023-08-19,763
US,2023-08-26,809
US,2023-09-02,857
US,2023-09-09,816
